{
  "mean": [
    12.483333333333333,
    4.15,
    12.6,
    2.6791666666666667,
    5.733333333333333
  ],
  "scale": [
    5.924501854352163,
    1.979688527689814,
    9.242474416157897,
    2.071931298464202,
    3.4076710848058984
  ]
}