{
  "mean": [
    14.872847896652175,
    4.6905,
    24.05675,
    2.77,
    3.4478508666635115
  ],
  "scale": [
    5.401784053037041,
    1.9804569548465578,
    21.998557439920976,
    1.7696327302578758,
    3.4791323249039503
  ]
}